group,metric,n_models,n_subjects,mean,sem,ci_low,ci_high
Cntnap_neg,diagonal_dominance,169,57,1.003193940052251,0.0014626626601142501,1.0004223538368102,1.005987513869575
Cntnap_neg,fore_hind_coupling,169,57,0.8738726333003751,0.00931929879547193,0.854896927439757,0.891305294015926
Cntnap_neg,left_right_coupling,169,57,0.8759690265539477,0.009363467672309762,0.856954824593374,0.893978599195178
Cntnap_neg,cross_gain,169,57,0.875270228802757,0.009338698237842993,0.8561553035327365,0.8931333243508133
Cntnap_neg,angle_angle_coupling,169,57,0.8780654198075208,0.009497015946299314,0.8587843093082399,0.8960982511946013
Cntnap_neg,radius_radius_coupling,169,57,NaN,NaN,NaN,NaN
Cntnap_neg,radius_to_angle_coupling,169,57,0.875270228802757,0.009338698237842993,0.8561553035327365,0.8931333243508133
Cntnap_neg,angle_to_radius_coupling,169,57,NaN,NaN,NaN,NaN
Cntnap_neg,angle_radius_cross_coupling,169,57,0.875270228802757,0.009338698237842993,0.8561553035327365,0.8931333243508133
Cntnap_neg,angle_selectivity,169,57,1.003193940052251,0.0014626626601142501,1.0004223538368102,1.005987513869575
Cntnap_het,diagonal_dominance,216,72,1.003619901320471,0.0014805315215380866,1.0009487882721817,1.0066431664282856
Cntnap_het,fore_hind_coupling,216,72,0.8856368583052471,0.008243242288375908,0.8691658796442882,0.9009866161025957
Cntnap_het,left_right_coupling,216,72,0.887886355990682,0.0080419196351818,0.8718834054499751,0.90280962692681
Cntnap_het,cross_gain,216,72,0.8871365234288704,0.008098009298373456,0.8713160167170121,0.9023430062130783
Cntnap_het,angle_angle_coupling,216,72,0.890135853676117,0.007942421975105165,0.874224077113953,0.9049355357636925
Cntnap_het,radius_radius_coupling,216,72,NaN,NaN,NaN,NaN
Cntnap_het,radius_to_angle_coupling,216,72,0.8871365234288704,0.008098009298373456,0.8713160167170121,0.9023430062130783
Cntnap_het,angle_to_radius_coupling,216,72,NaN,NaN,NaN,NaN
Cntnap_het,angle_radius_cross_coupling,216,72,0.8871365234288704,0.008098009298373456,0.8713160167170121,0.9023430062130783
Cntnap_het,angle_selectivity,216,72,1.003619901320471,0.0014805315215380866,1.0009487882721817,1.0066431664282856
Cntnap_hom,diagonal_dominance,111,37,1.0071884408192147,0.001970285034228918,1.003437579582984,1.010866143476591
Cntnap_hom,fore_hind_coupling,111,37,0.8791244078724874,0.011945055031427234,0.8567268110908436,0.9023042609258886
Cntnap_hom,left_right_coupling,111,37,0.8837147493913124,0.01163986635343855,0.8616889680870987,0.9058394606761592
Cntnap_hom,cross_gain,111,37,0.8821846355517042,0.011728368166270872,0.8602580495399028,0.9046368014882571
Cntnap_hom,angle_angle_coupling,111,37,0.8883050909101377,0.011457268898938097,0.8660214021492153,0.9102077518166646
Cntnap_hom,radius_radius_coupling,111,37,NaN,NaN,NaN,NaN
Cntnap_hom,radius_to_angle_coupling,111,37,0.8821846355517042,0.011728368166270872,0.8602580495399028,0.9046368014882571
Cntnap_hom,angle_to_radius_coupling,111,37,NaN,NaN,NaN,NaN
Cntnap_hom,angle_radius_cross_coupling,111,37,0.8821846355517042,0.011728368166270872,0.8602580495399028,0.9046368014882571
Cntnap_hom,angle_selectivity,111,37,1.0071884408192147,0.001970285034228918,1.003437579582984,1.010866143476591
TSC_neg,diagonal_dominance,195,65,1.0018697501479692,0.0014299728916081168,0.9991059068484143,1.004555396955757
TSC_neg,fore_hind_coupling,195,65,0.891239009723184,0.009163179043379538,0.8724295629063906,0.9086545204546146
TSC_neg,left_right_coupling,195,65,0.8924219172465985,0.009056938827955533,0.8735751089290408,0.9096046315606751
TSC_neg,cross_gain,195,65,0.8920276147387937,0.009082415463833295,0.8731935885629857,0.909287927858655
TSC_neg,angle_angle_coupling,195,65,0.893604824770013,0.009041039315785612,0.8747226511442553,0.9105257319640716
TSC_neg,radius_radius_coupling,195,65,NaN,NaN,NaN,NaN
TSC_neg,radius_to_angle_coupling,195,65,0.8920276147387937,0.009082415463833295,0.8731935885629857,0.909287927858655
TSC_neg,angle_to_radius_coupling,195,65,NaN,NaN,NaN,NaN
TSC_neg,angle_radius_cross_coupling,195,65,0.8920276147387937,0.009082415463833295,0.8731935885629857,0.909287927858655
TSC_neg,angle_selectivity,195,65,1.0018697501479692,0.0014299728916081168,0.9991059068484143,1.004555396955757
TSC_het,diagonal_dominance,186,62,1.00278673867491,0.002182532779141624,0.9989193767789805,1.0073963197317448
TSC_het,fore_hind_coupling,186,62,0.8918567986965149,0.009894530685927471,0.8707970764808937,0.9097932870703239
TSC_het,left_right_coupling,186,62,0.893412580615956,0.009495061803406233,0.873668334340994,0.9108347832456033
TSC_het,cross_gain,186,62,0.8928939866428087,0.009610806853399224,0.8728397819356325,0.9104358481980376
TSC_het,angle_angle_coupling,186,62,0.8949683625353962,0.009259837408585802,0.875240469563782,0.9120262756719647
TSC_het,radius_radius_coupling,186,62,NaN,NaN,NaN,NaN
TSC_het,radius_to_angle_coupling,186,62,0.8928939866428087,0.009610806853399224,0.8728397819356325,0.9104358481980376
TSC_het,angle_to_radius_coupling,186,62,NaN,NaN,NaN,NaN
TSC_het,angle_radius_cross_coupling,186,62,0.8928939866428087,0.009610806853399224,0.8728397819356325,0.9104358481980376
TSC_het,angle_selectivity,186,62,1.00278673867491,0.002182532779141624,0.9989193767789805,1.0073963197317448
TSC_hom,diagonal_dominance,105,35,1.007766327869746,0.0019564100572606272,1.004138910810664,1.0117061937343768
TSC_hom,fore_hind_coupling,105,35,0.8487659121181482,0.01411438756069718,0.822144597922381,0.8777268158704027
TSC_hom,left_right_coupling,105,35,0.8534283567456191,0.013731851684298253,0.8274911972032005,0.8811631863624048
TSC_hom,cross_gain,105,35,0.8518742085364621,0.013849522362046814,0.8255728017591025,0.8798520038688117
TSC_hom,angle_angle_coupling,105,35,0.8580908013730895,0.013440924482792582,0.8330027681130105,0.8855842482653121
TSC_hom,radius_radius_coupling,105,35,NaN,NaN,NaN,NaN
TSC_hom,radius_to_angle_coupling,105,35,0.8518742085364621,0.013849522362046814,0.8255728017591025,0.8798520038688117
TSC_hom,angle_to_radius_coupling,105,35,NaN,NaN,NaN,NaN
TSC_hom,angle_radius_cross_coupling,105,35,0.8518742085364621,0.013849522362046814,0.8255728017591025,0.8798520038688117
TSC_hom,angle_selectivity,105,35,1.007766327869746,0.0019564100572606272,1.004138910810664,1.0117061937343768
new_preds,diagonal_dominance,1122,374,1.0006329179506648,0.0005830790063385191,0.9994748007854565,1.0018581995074625
new_preds,fore_hind_coupling,1122,374,0.8853632490027395,0.0037120050838936615,0.8778030114956363,0.8924236414301161
new_preds,left_right_coupling,1122,374,0.8856954488382641,0.0036654796615704353,0.8782880061229128,0.8928703088318513
new_preds,cross_gain,1122,374,0.8855847155597558,0.0036770843640640816,0.878188556115316,0.8927142939383391
new_preds,angle_angle_coupling,1122,374,0.8860276486737885,0.0036544969416863553,0.878554779203607,0.893359466203157
new_preds,radius_radius_coupling,1122,374,NaN,NaN,NaN,NaN
new_preds,radius_to_angle_coupling,1122,374,0.8855847155597558,0.0036770843640640816,0.878188556115316,0.8927142939383391
new_preds,angle_to_radius_coupling,1122,374,NaN,NaN,NaN,NaN
new_preds,angle_radius_cross_coupling,1122,374,0.8855847155597558,0.0036770843640640816,0.878188556115316,0.8927142939383391
new_preds,angle_selectivity,1122,374,1.0006329179506648,0.0005830790063385191,0.9994748007854565,1.0018581995074625
