group,speed_bin,metric,n_models,n_subjects,mean,sem
Cntnap_het,slow,same_mean_gain,72,72,0.054348843749769636,0.0012794874159484323
Cntnap_het,slow,same_peak_gain,72,72,0.10880877021462065,0.0023507348814706167
Cntnap_het,slow,same_peak_lag_fraction,72,72,0.0036111111111111144,0.0018900277336435913
Cntnap_het,slow,same_phase_selectivity,72,72,0.12637653640433874,0.001609784409036523
Cntnap_het,slow,fore_homologs_mean_gain,72,72,0.05549601529548418,0.0012640905148788048
Cntnap_het,slow,fore_homologs_peak_gain,72,72,0.11436784664960054,0.0020263591040261997
Cntnap_het,slow,fore_homologs_peak_lag_fraction,72,72,0.00805555555555556,0.00142137286355452
Cntnap_het,slow,fore_homologs_phase_selectivity,72,72,0.11729335480579163,0.0026023048087281887
Cntnap_het,slow,hind_homologs_mean_gain,72,72,0.05028692066256665,0.0013969882295695834
Cntnap_het,slow,hind_homologs_peak_gain,72,72,0.102076518135715,0.002964663325116998
Cntnap_het,slow,hind_homologs_peak_lag_fraction,72,72,-0.015416666666666681,0.0023230617309806475
Cntnap_het,slow,hind_homologs_phase_selectivity,72,72,0.14801104997131403,0.0030530005221740147
Cntnap_het,slow,ipsilateral_mean_gain,72,72,0.053045055716845,0.0012228474681427988
Cntnap_het,slow,ipsilateral_peak_gain,72,72,0.1006209324022825,0.002041794096690765
Cntnap_het,slow,ipsilateral_peak_lag_fraction,72,72,-0.0012500000000000011,0.002280569589506571
Cntnap_het,slow,ipsilateral_phase_selectivity,72,72,0.13086483134328278,0.0014386495612535226
Cntnap_het,slow,diagonal_mean_gain,72,72,0.05285286952674356,0.0012763812362805453
Cntnap_het,slow,diagonal_peak_gain,72,72,0.0995663022123465,0.002151515751115442
Cntnap_het,slow,diagonal_peak_lag_fraction,72,72,-0.0025000000000000022,0.0023298935074094165
Cntnap_het,slow,diagonal_phase_selectivity,72,72,0.13179864734276905,0.0013902254489626205
Cntnap_het,slow,all_cross_mean_gain,72,72,0.05292979774087133,0.0012364429104728346
Cntnap_het,slow,all_cross_peak_gain,72,72,0.0995729326476221,0.0020727041358094226
Cntnap_het,slow,all_cross_peak_lag_fraction,72,72,0.0,0.0022202651789344314
Cntnap_het,slow,all_cross_phase_selectivity,72,72,0.13107905305406742,0.001282591642650945
Cntnap_het,slow,self_to_cross_ratio,72,72,1.0270486417873563,0.003136507690466297
Cntnap_het,medium,same_mean_gain,72,72,0.05858549861313757,0.0016432816215010589
Cntnap_het,medium,same_peak_gain,72,72,0.1145650886666713,0.0025552860936291725
Cntnap_het,medium,same_peak_lag_fraction,72,72,0.006527777777777783,0.0015084493668208485
Cntnap_het,medium,same_phase_selectivity,72,72,0.12140468119899214,0.001462745177711062
Cntnap_het,medium,fore_homologs_mean_gain,72,72,0.06019886992103618,0.0017385562062148278
Cntnap_het,medium,fore_homologs_peak_gain,72,72,0.12508426828198865,0.002188733906451194
Cntnap_het,medium,fore_homologs_peak_lag_fraction,72,72,0.006944444444444451,0.001147203323363605
Cntnap_het,medium,fore_homologs_phase_selectivity,72,72,0.11039437477783137,0.0033390679310072524
Cntnap_het,medium,hind_homologs_mean_gain,72,72,0.054064278532959656,0.0016836743294951825
Cntnap_het,medium,hind_homologs_peak_gain,72,72,0.10601707330431132,0.002965294008968032
Cntnap_het,medium,hind_homologs_peak_lag_fraction,72,72,-0.008888888888888898,0.001953644677429271
Cntnap_het,medium,hind_homologs_phase_selectivity,72,72,0.14587755116829992,0.0036383406123228707
Cntnap_het,medium,ipsilateral_mean_gain,72,72,0.05733336777030145,0.001608942821126868
Cntnap_het,medium,ipsilateral_peak_gain,72,72,0.10554992856514947,0.002395711182651004
Cntnap_het,medium,ipsilateral_peak_lag_fraction,72,72,0.0034722222222222255,0.0018145616246791705
Cntnap_het,medium,ipsilateral_phase_selectivity,72,72,0.12868993140822096,0.0016136273740296444
Cntnap_het,medium,diagonal_mean_gain,72,72,0.05679946269387499,0.0015942925762445215
Cntnap_het,medium,diagonal_peak_gain,72,72,0.10420054044642907,0.002335959575565296
Cntnap_het,medium,diagonal_peak_lag_fraction,72,72,0.0015277777777777792,0.0018519089062676798
Cntnap_het,medium,diagonal_phase_selectivity,72,72,0.13069590485540827,0.0013633778375253568
Cntnap_het,medium,all_cross_mean_gain,72,72,0.05708813489705812,0.0016026737260591165
Cntnap_het,medium,all_cross_peak_gain,72,72,0.10496074529963942,0.002364959496402597
Cntnap_het,medium,all_cross_peak_lag_fraction,72,72,0.005277777777777782,0.0016663406045161026
Cntnap_het,medium,all_cross_phase_selectivity,72,72,0.1283601789744518,0.0013788043812583463
Cntnap_het,medium,self_to_cross_ratio,72,72,1.0261269060041467,0.003430867021998508
Cntnap_het,fast,same_mean_gain,72,72,0.06310419599753098,0.0015607361415925728
Cntnap_het,fast,same_peak_gain,72,72,0.12144330074370455,0.002355202158586283
Cntnap_het,fast,same_peak_lag_fraction,72,72,0.009305555555555563,0.0006944444444444452
Cntnap_het,fast,same_phase_selectivity,72,72,0.12429779601435947,0.0013102221410795818
Cntnap_het,fast,fore_homologs_mean_gain,72,72,0.06454482361833115,0.001791438156643698
Cntnap_het,fast,fore_homologs_peak_gain,72,72,0.1303568144559687,0.0018266338074374028
Cntnap_het,fast,fore_homologs_peak_lag_fraction,72,72,0.005972222222222228,0.0013365530699716486
Cntnap_het,fast,fore_homologs_phase_selectivity,72,72,0.11640530726960195,0.0032057091089316035
Cntnap_het,fast,hind_homologs_mean_gain,72,72,0.058660423899433795,0.0014900156258359928
Cntnap_het,fast,hind_homologs_peak_gain,72,72,0.11082927804035031,0.002546298093039478
Cntnap_het,fast,hind_homologs_peak_lag_fraction,72,72,-0.003750000000000005,0.002188652446259213
Cntnap_het,fast,hind_homologs_phase_selectivity,72,72,0.14016169703444065,0.0035874093920876577
Cntnap_het,fast,ipsilateral_mean_gain,72,72,0.06139842538032308,0.0015491702287217803
Cntnap_het,fast,ipsilateral_peak_gain,72,72,0.11216253736474463,0.0021344271266227942
Cntnap_het,fast,ipsilateral_peak_lag_fraction,72,72,0.0077777777777777845,0.001069242455977319
Cntnap_het,fast,ipsilateral_phase_selectivity,72,72,0.12903921372664343,0.0015699432892742116
Cntnap_het,fast,diagonal_mean_gain,72,72,0.06095635414289803,0.0015382257271103952
Cntnap_het,fast,diagonal_peak_gain,72,72,0.11128339217714125,0.0020843539039853247
Cntnap_het,fast,diagonal_peak_lag_fraction,72,72,0.0062500000000000056,0.0013185432636163945
Cntnap_het,fast,diagonal_phase_selectivity,72,72,0.13128230337366928,0.0015981449456409554
Cntnap_het,fast,all_cross_mean_gain,72,72,0.06131913442736787,0.0015411513658246286
Cntnap_het,fast,all_cross_peak_gain,72,72,0.11221951597281558,0.002115369768285614
Cntnap_het,fast,all_cross_peak_lag_fraction,72,72,0.00708333333333334,0.0012578003877151839
Cntnap_het,fast,all_cross_phase_selectivity,72,72,0.1290756589016936,0.0014473359957247367
Cntnap_het,fast,self_to_cross_ratio,72,72,1.0300767568836504,0.0037040155359443854
Cntnap_hom,fast,same_mean_gain,37,37,0.063789290460038,0.0019313903331934915
Cntnap_hom,fast,same_peak_gain,37,37,0.11981540809727809,0.0025850007935625955
Cntnap_hom,fast,same_peak_lag_fraction,37,37,0.008108108108108115,0.0014414414414414428
Cntnap_hom,fast,same_phase_selectivity,37,37,0.12069086821527635,0.0028213491188500963
Cntnap_hom,fast,fore_homologs_mean_gain,37,37,0.06441703919841973,0.0025433324154082544
Cntnap_hom,fast,fore_homologs_peak_gain,37,37,0.12420415163447954,0.0045964507793904595
Cntnap_hom,fast,fore_homologs_peak_lag_fraction,37,37,0.001081081081081082,0.0024746093143820512
Cntnap_hom,fast,fore_homologs_phase_selectivity,37,37,0.11628536084394701,0.004359648492903656
Cntnap_hom,fast,hind_homologs_mean_gain,37,37,0.06082344430303554,0.002030940635201836
Cntnap_hom,fast,hind_homologs_peak_gain,37,37,0.11275733690918185,0.004072467984567239
Cntnap_hom,fast,hind_homologs_peak_lag_fraction,37,37,-0.011621621621621631,0.003207384345750976
Cntnap_hom,fast,hind_homologs_phase_selectivity,37,37,0.1460801408342767,0.0036634181330943995
Cntnap_hom,fast,ipsilateral_mean_gain,37,37,0.06199127661099966,0.0021594470977822516
Cntnap_hom,fast,ipsilateral_peak_gain,37,37,0.10843273628023047,0.0037726936879590427
Cntnap_hom,fast,ipsilateral_peak_lag_fraction,37,37,0.004324324324324328,0.002374177288847649
Cntnap_hom,fast,ipsilateral_phase_selectivity,37,37,0.12747745076392902,0.002089733930366709
Cntnap_hom,fast,diagonal_mean_gain,37,37,0.06198693171400448,0.0021007495050789486
Cntnap_hom,fast,diagonal_peak_gain,37,37,0.11011737382082144,0.003340011632599387
Cntnap_hom,fast,diagonal_peak_lag_fraction,37,37,0.002702702702702705,0.002864524882087326
Cntnap_hom,fast,diagonal_phase_selectivity,37,37,0.1262845683962336,0.0018221938962676122
Cntnap_hom,fast,all_cross_mean_gain,37,37,0.062199483358577265,0.002105347927305565
Cntnap_hom,fast,all_cross_peak_gain,37,37,0.1094911286300005,0.00350432739513302
Cntnap_hom,fast,all_cross_peak_lag_fraction,37,37,0.0029729729729729756,0.0026526904260063917
Cntnap_hom,fast,all_cross_phase_selectivity,37,37,0.12739530259629978,0.0017513164827800724
Cntnap_hom,fast,self_to_cross_ratio,37,37,1.0333056574311328,0.010843059830711935
Cntnap_hom,medium,same_mean_gain,37,37,0.06520177385485354,0.002596831031367816
Cntnap_hom,medium,same_peak_gain,37,37,0.1176057429708802,0.0033492054752604344
Cntnap_hom,medium,same_peak_lag_fraction,37,37,0.004594594594594599,0.0025876408317738893
Cntnap_hom,medium,same_phase_selectivity,37,37,0.12323584388000298,0.002012543739806784
Cntnap_hom,medium,fore_homologs_mean_gain,37,37,0.06926220500601607,0.003173595759147089
Cntnap_hom,medium,fore_homologs_peak_gain,37,37,0.1348717900153099,0.003624421632384293
Cntnap_hom,medium,fore_homologs_peak_lag_fraction,37,37,0.009459459459459469,0.0005405405405405409
Cntnap_hom,medium,fore_homologs_phase_selectivity,37,37,0.10933533222217613,0.004628215534300875
Cntnap_hom,medium,hind_homologs_mean_gain,37,37,0.0586712911400217,0.002308068271222721
Cntnap_hom,medium,hind_homologs_peak_gain,37,37,0.10667601304862509,0.004020171276137926
Cntnap_hom,medium,hind_homologs_peak_lag_fraction,37,37,-0.01081081081081082,0.0027228975242716085
Cntnap_hom,medium,hind_homologs_phase_selectivity,37,37,0.1447940616583197,0.004228907593389175
Cntnap_hom,medium,ipsilateral_mean_gain,37,37,0.0641827980875139,0.002539483192669961
Cntnap_hom,medium,ipsilateral_peak_gain,37,37,0.11184154684100146,0.003029320691984556
Cntnap_hom,medium,ipsilateral_peak_lag_fraction,37,37,0.00540540540540541,0.0023118247604245684
Cntnap_hom,medium,ipsilateral_phase_selectivity,37,37,0.1246877228491741,0.0017948468178667092
Cntnap_hom,medium,diagonal_mean_gain,37,37,0.06419756465100994,0.002560605595726291
Cntnap_hom,medium,diagonal_peak_gain,37,37,0.11260298499085869,0.003010963551745
Cntnap_hom,medium,diagonal_peak_lag_fraction,37,37,0.00540540540540541,0.0023118247604245684
Cntnap_hom,medium,diagonal_phase_selectivity,37,37,0.1265923461879516,0.0016732885896376234
Cntnap_hom,medium,all_cross_mean_gain,37,37,0.06411570360384758,0.0025348748543129623
Cntnap_hom,medium,all_cross_peak_gain,37,37,0.11192389555612785,0.0029662089072434806
Cntnap_hom,medium,all_cross_peak_lag_fraction,37,37,0.00540540540540541,0.0023118247604245684
Cntnap_hom,medium,all_cross_phase_selectivity,37,37,0.12516217922317768,0.0016764685916623903
Cntnap_hom,medium,self_to_cross_ratio,37,37,1.0166167761389349,0.004280399598369501
Cntnap_hom,slow,same_mean_gain,37,37,0.0615955609477697,0.002396356693023312
Cntnap_hom,slow,same_peak_gain,37,37,0.11200884390175635,0.003352287615612159
Cntnap_hom,slow,same_peak_lag_fraction,37,37,0.005945945945945951,0.0022746632744058757
Cntnap_hom,slow,same_phase_selectivity,37,37,0.12435905995724678,0.002282198503328877
Cntnap_hom,slow,fore_homologs_mean_gain,37,37,0.06642368777473968,0.002897919306678484
Cntnap_hom,slow,fore_homologs_peak_gain,37,37,0.12922588965973839,0.0036416753942193534
Cntnap_hom,slow,fore_homologs_peak_lag_fraction,37,37,0.007567567567567574,0.0015208957672192928
Cntnap_hom,slow,fore_homologs_phase_selectivity,37,37,0.1101671328689021,0.0031401605915684846
Cntnap_hom,slow,hind_homologs_mean_gain,37,37,0.054735660075999976,0.002049748810735324
Cntnap_hom,slow,hind_homologs_peak_gain,37,37,0.10550975899334793,0.00398064580701091
Cntnap_hom,slow,hind_homologs_peak_lag_fraction,37,37,-0.016486486486486502,0.0033156335530771103
Cntnap_hom,slow,hind_homologs_phase_selectivity,37,37,0.14466857520070758,0.004288027267080926
Cntnap_hom,slow,ipsilateral_mean_gain,37,37,0.06043911202430835,0.002319862030264336
Cntnap_hom,slow,ipsilateral_peak_gain,37,37,0.10651039454680629,0.0029904459252992287
Cntnap_hom,slow,ipsilateral_peak_lag_fraction,37,37,-0.0013513513513513525,0.003425793394924606
Cntnap_hom,slow,ipsilateral_phase_selectivity,37,37,0.12548826661633744,0.0023310956293461087
Cntnap_hom,slow,diagonal_mean_gain,37,37,0.05993687367014634,0.0022849830929268003
Cntnap_hom,slow,diagonal_peak_gain,37,37,0.10558967922843085,0.002929964631148766
Cntnap_hom,slow,diagonal_peak_lag_fraction,37,37,0.0013513513513513525,0.0030795792135382386
Cntnap_hom,slow,diagonal_phase_selectivity,37,37,0.12739926365300408,0.0023188440548685516
Cntnap_hom,slow,all_cross_mean_gain,37,37,0.06031855320660817,0.0023006434211766914
Cntnap_hom,slow,all_cross_peak_gain,37,37,0.10642789564295599,0.002911366595596608
Cntnap_hom,slow,all_cross_peak_lag_fraction,37,37,0.000540540540540541,0.003263823591484111
Cntnap_hom,slow,all_cross_phase_selectivity,37,37,0.12577433270590105,0.002251356112155328
Cntnap_hom,slow,self_to_cross_ratio,37,37,1.02034517304433,0.00364459274436881
Cntnap_neg,slow,same_mean_gain,56,56,0.05311174204637814,0.0012024244803283362
Cntnap_neg,slow,same_peak_gain,56,56,0.10408528980290692,0.002063379843744881
Cntnap_neg,slow,same_peak_lag_fraction,56,56,0.006071428571428577,0.0017595485590700321
Cntnap_neg,slow,same_phase_selectivity,56,56,0.12900083562776055,0.0019449024641024916
Cntnap_neg,slow,fore_homologs_mean_gain,56,56,0.05510107287590382,0.001325284520933596
Cntnap_neg,slow,fore_homologs_peak_gain,56,56,0.11377328069920546,0.0023434016040213665
Cntnap_neg,slow,fore_homologs_peak_lag_fraction,56,56,0.004464285714285718,0.0019725328640644957
Cntnap_neg,slow,fore_homologs_phase_selectivity,56,56,0.11670659398663834,0.003395056105311696
Cntnap_neg,slow,hind_homologs_mean_gain,56,56,0.048737310188661585,0.001330964312061088
Cntnap_neg,slow,hind_homologs_peak_gain,56,56,0.09904049466953745,0.0030342801392433494
Cntnap_neg,slow,hind_homologs_peak_lag_fraction,56,56,-0.01696428571428573,0.0026101654778753793
Cntnap_neg,slow,hind_homologs_phase_selectivity,56,56,0.15337157281632066,0.004338933068446304
Cntnap_neg,slow,ipsilateral_mean_gain,56,56,0.05181452806145485,0.0011337473555599932
Cntnap_neg,slow,ipsilateral_peak_gain,56,56,0.09728675411071776,0.0019050831519821087
Cntnap_neg,slow,ipsilateral_peak_lag_fraction,56,56,-0.0023214285714285737,0.0026603274799461424
Cntnap_neg,slow,ipsilateral_phase_selectivity,56,56,0.13413423366185412,0.0019369220747755423
Cntnap_neg,slow,diagonal_mean_gain,56,56,0.051252412459305494,0.001186836258731218
Cntnap_neg,slow,diagonal_peak_gain,56,56,0.09640760675973055,0.0019873489972184067
Cntnap_neg,slow,diagonal_peak_lag_fraction,56,56,-0.0012500000000000011,0.002673371576196544
Cntnap_neg,slow,diagonal_phase_selectivity,56,56,0.13211193579992425,0.0021160117312496105
Cntnap_neg,slow,all_cross_mean_gain,56,56,0.05166204401768102,0.0011503942727694044
Cntnap_neg,slow,all_cross_peak_gain,56,56,0.09642863733407962,0.002021272154866406
Cntnap_neg,slow,all_cross_peak_lag_fraction,56,56,-0.00035714285714285747,0.0025857286359650612
Cntnap_neg,slow,all_cross_phase_selectivity,56,56,0.13312120666014224,0.0017727821037832293
Cntnap_neg,slow,self_to_cross_ratio,56,56,1.027919960729139,0.004083829903918677
Cntnap_neg,medium,same_mean_gain,56,56,0.05913121232036289,0.0016773797670945943
Cntnap_neg,medium,same_peak_gain,56,56,0.11513207267559207,0.0025642658333008836
Cntnap_neg,medium,same_peak_lag_fraction,56,56,0.008750000000000008,0.0009555884839455485
Cntnap_neg,medium,same_phase_selectivity,56,56,0.12146962323909107,0.0018249106227172037
Cntnap_neg,medium,fore_homologs_mean_gain,56,56,0.06105800590884665,0.002084657589646355
Cntnap_neg,medium,fore_homologs_peak_gain,56,56,0.1253243248175702,0.0025865178349575102
Cntnap_neg,medium,fore_homologs_peak_lag_fraction,56,56,0.0055357142857142905,0.0016498650644774882
Cntnap_neg,medium,fore_homologs_phase_selectivity,56,56,0.11227398684425524,0.0034062740741287144
Cntnap_neg,medium,hind_homologs_mean_gain,56,56,0.05444752318234497,0.0014847974359110305
Cntnap_neg,medium,hind_homologs_peak_gain,56,56,0.10527539442558173,0.0027882102791006234
Cntnap_neg,medium,hind_homologs_peak_lag_fraction,56,56,-0.008571428571428579,0.0023135480626559142
Cntnap_neg,medium,hind_homologs_phase_selectivity,56,56,0.14521380389807675,0.0039429774742881915
Cntnap_neg,medium,ipsilateral_mean_gain,56,56,0.05755970719716636,0.0015855765184570392
Cntnap_neg,medium,ipsilateral_peak_gain,56,56,0.10519312565530935,0.0022808748844360197
Cntnap_neg,medium,ipsilateral_peak_lag_fraction,56,56,0.0030357142857142883,0.002021309252593396
Cntnap_neg,medium,ipsilateral_phase_selectivity,56,56,0.12873820252202733,0.0018223025245869768
Cntnap_neg,medium,diagonal_mean_gain,56,56,0.056959921020388604,0.001587689285350774
Cntnap_neg,medium,diagonal_peak_gain,56,56,0.10452346256859725,0.0023090650863990545
Cntnap_neg,medium,diagonal_peak_lag_fraction,56,56,0.0008928571428571437,0.002283150957150106
Cntnap_neg,medium,diagonal_phase_selectivity,56,56,0.1307498563485414,0.0018797275487248452
Cntnap_neg,medium,all_cross_mean_gain,56,56,0.057424130921050254,0.001597474601350147
Cntnap_neg,medium,all_cross_peak_gain,56,56,0.10524656498480552,0.0022981778614163473
Cntnap_neg,medium,all_cross_peak_lag_fraction,56,56,0.0023214285714285737,0.0022647936666514786
Cntnap_neg,medium,all_cross_phase_selectivity,56,56,0.12877080884389236,0.0017165052396800637
Cntnap_neg,medium,self_to_cross_ratio,56,56,1.0295448219440257,0.003331470573615931
Cntnap_neg,fast,same_mean_gain,57,57,0.06423527468752697,0.0020240131414421478
Cntnap_neg,fast,same_peak_gain,57,57,0.12421287187353153,0.0027833178428623424
Cntnap_neg,fast,same_peak_lag_fraction,57,57,0.00789473684210527,0.001269875620605606
Cntnap_neg,fast,same_phase_selectivity,57,57,0.11980505294961258,0.0015905097923216453
Cntnap_neg,fast,fore_homologs_mean_gain,57,57,0.06400260437459591,0.0022124050659438725
Cntnap_neg,fast,fore_homologs_peak_gain,57,57,0.12533647947053045,0.0027232696269601253
Cntnap_neg,fast,fore_homologs_peak_lag_fraction,57,57,0.005789473684210529,0.00268369448083831
Cntnap_neg,fast,fore_homologs_phase_selectivity,57,57,0.11836636640515937,0.0034825675331682467
Cntnap_neg,fast,hind_homologs_mean_gain,57,57,0.06161631631696404,0.00212000792773728
Cntnap_neg,fast,hind_homologs_peak_gain,57,57,0.11332042643966185,0.0030564725229264584
Cntnap_neg,fast,hind_homologs_peak_lag_fraction,57,57,-0.007543859649122814,0.002338528522120494
Cntnap_neg,fast,hind_homologs_phase_selectivity,57,57,0.14202725662452143,0.0033505112459686617
Cntnap_neg,fast,ipsilateral_mean_gain,57,57,0.06189230967849756,0.0020954566897894737
Cntnap_neg,fast,ipsilateral_peak_gain,57,57,0.11150457710107127,0.0030821771617363463
Cntnap_neg,fast,ipsilateral_peak_lag_fraction,57,57,0.0012280701754385976,0.0023490809731591717
Cntnap_neg,fast,ipsilateral_phase_selectivity,57,57,0.12966367653046434,0.0022749060578778845
Cntnap_neg,fast,diagonal_mean_gain,57,57,0.061474273376707085,0.0020266622627626483
Cntnap_neg,fast,diagonal_peak_gain,57,57,0.11136403316788734,0.002938291286092974
Cntnap_neg,fast,diagonal_peak_lag_fraction,57,57,0.0014035087719298258,0.0022449971740473233
Cntnap_neg,fast,diagonal_phase_selectivity,57,57,0.1300478680232451,0.0016934412270648523
Cntnap_neg,fast,all_cross_mean_gain,57,57,0.062058681133661545,0.002041569826292814
Cntnap_neg,fast,all_cross_peak_gain,57,57,0.11121717749905144,0.002933907824376599
Cntnap_neg,fast,all_cross_peak_lag_fraction,57,57,0.0012280701754385976,0.0023490809731591717
Cntnap_neg,fast,all_cross_phase_selectivity,57,57,0.12946132446271089,0.0017194726709356665
Cntnap_neg,fast,self_to_cross_ratio,57,57,1.037392250743034,0.004732929946092743
TSC_het,slow,same_mean_gain,61,61,0.05265731028633322,0.0012123778736817545
TSC_het,slow,same_peak_gain,61,61,0.10288943837813129,0.0024289077085929483
TSC_het,slow,same_peak_lag_fraction,61,61,0.0008196721311475345,0.0036686165851014733
TSC_het,slow,same_phase_selectivity,61,61,0.12819907349320286,0.002536384918271342
TSC_het,slow,fore_homologs_mean_gain,61,61,0.05562538350803632,0.001484612321884209
TSC_het,slow,fore_homologs_peak_gain,61,61,0.11337238176228773,0.0026097482354683153
TSC_het,slow,fore_homologs_peak_lag_fraction,61,61,0.0014754098360655696,0.0032377222106476002
TSC_het,slow,fore_homologs_phase_selectivity,61,61,0.12264296902612892,0.003576528367967421
TSC_het,slow,hind_homologs_mean_gain,61,61,0.0480942538061938,0.0012861840958485258
TSC_het,slow,hind_homologs_peak_gain,61,61,0.09780604288065686,0.0026661731178970528
TSC_het,slow,hind_homologs_peak_lag_fraction,61,61,-0.007540983606557395,0.007034869193811586
TSC_het,slow,hind_homologs_phase_selectivity,61,61,0.14217552773648923,0.004656801650701834
TSC_het,slow,ipsilateral_mean_gain,61,61,0.05171189554764573,0.0011848215618467128
TSC_het,slow,ipsilateral_peak_gain,61,61,0.09866904454749387,0.002469644134481711
TSC_het,slow,ipsilateral_peak_lag_fraction,61,61,-0.000819672131147549,0.003778679634426441
TSC_het,slow,ipsilateral_phase_selectivity,61,61,0.13173196307251242,0.002692869384303171
TSC_het,slow,diagonal_mean_gain,61,61,0.05165338418922056,0.0011989150485291846
TSC_het,slow,diagonal_peak_gain,61,61,0.09803864153182416,0.0024577014587430354
TSC_het,slow,diagonal_peak_lag_fraction,61,61,-0.0024590163934426323,0.0037668074182192826
TSC_het,slow,diagonal_phase_selectivity,61,61,0.1321430647711016,0.0025755021384276915
TSC_het,slow,all_cross_mean_gain,61,61,0.05174169946466043,0.0011924479130081135
TSC_het,slow,all_cross_peak_gain,61,61,0.09812348085389225,0.0024668889448171824
TSC_het,slow,all_cross_peak_lag_fraction,61,61,0.00016393442622950107,0.0036700813951359304
TSC_het,slow,all_cross_phase_selectivity,61,61,0.13139470393164882,0.0025974431760898654
TSC_het,slow,self_to_cross_ratio,61,61,1.0180230609941112,0.0031699177348441633
TSC_het,fast,same_mean_gain,62,62,0.05704674651908389,0.00160328832163405
TSC_het,fast,same_peak_gain,62,62,0.11086926744307672,0.00233676389020106
TSC_het,fast,same_peak_lag_fraction,62,62,0.004032258064516132,0.0020369365201357323
TSC_het,fast,same_phase_selectivity,62,62,0.1288435269700357,0.001743298960201048
TSC_het,fast,fore_homologs_mean_gain,62,62,0.060597758885047245,0.0018055133214254359
TSC_het,fast,fore_homologs_peak_gain,62,62,0.12439339050572588,0.002306224452357435
TSC_het,fast,fore_homologs_peak_lag_fraction,62,62,0.005322580645161295,0.0017770756841140694
TSC_het,fast,fore_homologs_phase_selectivity,62,62,0.11785522165596518,0.003602056137364723
TSC_het,fast,hind_homologs_mean_gain,62,62,0.05203839962056368,0.0016336776536447673
TSC_het,fast,hind_homologs_peak_gain,62,62,0.10601949618604033,0.0031315439538015743
TSC_het,fast,hind_homologs_peak_lag_fraction,62,62,-0.015645161290322594,0.0025978570648820696
TSC_het,fast,hind_homologs_phase_selectivity,62,62,0.1527677501742857,0.004303571080720724
TSC_het,fast,ipsilateral_mean_gain,62,62,0.055987156714993366,0.0015853372499887509
TSC_het,fast,ipsilateral_peak_gain,62,62,0.10490889341241298,0.0024164748634471823
TSC_het,fast,ipsilateral_peak_lag_fraction,62,62,-0.0019354838709677437,0.002517403303140372
TSC_het,fast,ipsilateral_phase_selectivity,62,62,0.13621468584135824,0.001889117664223814
TSC_het,fast,diagonal_mean_gain,62,62,0.05584070461743098,0.001591490864556182
TSC_het,fast,diagonal_peak_gain,62,62,0.10426830988261844,0.0025009663248427294
TSC_het,fast,diagonal_peak_lag_fraction,62,62,0.0019354838709677437,0.0021796461183743185
TSC_het,fast,diagonal_phase_selectivity,62,62,0.13522491053802665,0.0016386964775243736
TSC_het,fast,all_cross_mean_gain,62,62,0.05604864686174329,0.0015832596659376631
TSC_het,fast,all_cross_peak_gain,62,62,0.10486974484398634,0.00242064261164705
TSC_het,fast,all_cross_peak_lag_fraction,62,62,0.0025806451612903247,0.0021686615107785992
TSC_het,fast,all_cross_phase_selectivity,62,62,0.1347970953573059,0.001631743735880069
TSC_het,fast,self_to_cross_ratio,62,62,1.0181794557635109,0.002335948869429123
TSC_het,medium,same_mean_gain,62,62,0.053434201010139945,0.0013899028078948569
TSC_het,medium,same_peak_gain,62,62,0.10681714740709208,0.0024440668067384785
TSC_het,medium,same_peak_lag_fraction,62,62,-0.00419354838709678,0.0031239880400359076
TSC_het,medium,same_phase_selectivity,62,62,0.13530039730514362,0.0019458268597956094
TSC_het,medium,fore_homologs_mean_gain,62,62,0.05560137631813693,0.0015885491348295892
TSC_het,medium,fore_homologs_peak_gain,62,62,0.12047844617960643,0.0028291883493319864
TSC_het,medium,fore_homologs_peak_lag_fraction,62,62,0.0025806451612903213,0.0028345481731485767
TSC_het,medium,fore_homologs_phase_selectivity,62,62,0.12009399585816043,0.004073232292954688
TSC_het,medium,hind_homologs_mean_gain,62,62,0.049813922407909404,0.0014387998194424947
TSC_het,medium,hind_homologs_peak_gain,62,62,0.10627779134667224,0.0030235824482243074
TSC_het,medium,hind_homologs_peak_lag_fraction,62,62,-0.023225806451612922,0.0025061974325741197
TSC_het,medium,hind_homologs_phase_selectivity,62,62,0.16348703697442382,0.0035693392318431882
TSC_het,medium,ipsilateral_mean_gain,62,62,0.052593109969510346,0.0013800413713533038
TSC_het,medium,ipsilateral_peak_gain,62,62,0.10218059724005482,0.0024476537058641928
TSC_het,medium,ipsilateral_peak_lag_fraction,62,62,-0.0103225806451613,0.0032680992745149034
TSC_het,medium,ipsilateral_phase_selectivity,62,62,0.14048700116330953,0.0018469538648053442
TSC_het,medium,diagonal_mean_gain,62,62,0.05247838225540202,0.0013782048253049297
TSC_het,medium,diagonal_peak_gain,62,62,0.10204476943042909,0.0024481090070520945
TSC_het,medium,diagonal_peak_lag_fraction,62,62,-0.00967741935483872,0.003300303192131578
TSC_het,medium,diagonal_phase_selectivity,62,62,0.13965930023094889,0.0019109427566862565
TSC_het,medium,all_cross_mean_gain,62,62,0.052593047195978515,0.0013820871988027433
TSC_het,medium,all_cross_peak_gain,62,62,0.10205034496604269,0.0024151712005780262
TSC_het,medium,all_cross_peak_lag_fraction,62,62,-0.008548387096774203,0.003291310082939571
TSC_het,medium,all_cross_phase_selectivity,62,62,0.13953697927878916,0.0018198786824463284
TSC_het,medium,self_to_cross_ratio,62,62,1.0165303510425305,0.0027594017660659232
TSC_hom,medium,same_mean_gain,35,35,0.04931910676699122,0.0014957182678474804
TSC_hom,medium,same_peak_gain,35,35,0.10121521683552229,0.0024991408945388453
TSC_hom,medium,same_peak_lag_fraction,35,35,0.004285714285714289,0.002728182030377805
TSC_hom,medium,same_phase_selectivity,35,35,0.1311043671141164,0.002303935003186785
TSC_hom,medium,fore_homologs_mean_gain,35,35,0.05154872487466233,0.0017699528963044321
TSC_hom,medium,fore_homologs_peak_gain,35,35,0.11591760379443176,0.0033665278960955214
TSC_hom,medium,fore_homologs_peak_lag_fraction,35,35,-0.0014285714285714299,0.0036007202160720283
TSC_hom,medium,fore_homologs_phase_selectivity,35,35,0.1212954196728619,0.004566873991837739
TSC_hom,medium,hind_homologs_mean_gain,35,35,0.04539015752290909,0.0017053628573425281
TSC_hom,medium,hind_homologs_peak_gain,35,35,0.09964789021496542,0.004221534034934287
TSC_hom,medium,hind_homologs_peak_lag_fraction,35,35,-0.023428571428571455,0.005135849567531367
TSC_hom,medium,hind_homologs_phase_selectivity,35,35,0.15543623932422118,0.004777785388842675
TSC_hom,medium,ipsilateral_mean_gain,35,35,0.04835339360401187,0.00157127742250175
TSC_hom,medium,ipsilateral_peak_gain,35,35,0.09588488634407705,0.0029226368790599266
TSC_hom,medium,ipsilateral_peak_lag_fraction,35,35,-0.0034285714285714314,0.0037336277252018827
TSC_hom,medium,ipsilateral_phase_selectivity,35,35,0.1362177564642581,0.0019205607352865807
TSC_hom,medium,diagonal_mean_gain,35,35,0.048491703674810115,0.0015678898477821223
TSC_hom,medium,diagonal_peak_gain,35,35,0.09572153052206649,0.002905451527965493
TSC_hom,medium,diagonal_peak_lag_fraction,35,35,0.0,0.0034299717028501795
TSC_hom,medium,diagonal_phase_selectivity,35,35,0.131923810748788,0.0018626010248107817
TSC_hom,medium,all_cross_mean_gain,35,35,0.04843817949253589,0.0015612918025532773
TSC_hom,medium,all_cross_peak_gain,35,35,0.0954397345093639,0.0029354529898444823
TSC_hom,medium,all_cross_peak_lag_fraction,35,35,0.0,0.0034299717028501795
TSC_hom,medium,all_cross_phase_selectivity,35,35,0.13502519226593743,0.0016843717029954514
TSC_hom,medium,self_to_cross_ratio,35,35,1.0209467692187115,0.005516651413361516
TSC_hom,fast,same_mean_gain,35,35,0.048891612548039136,0.0012297981545372613
TSC_hom,fast,same_peak_gain,35,35,0.1023593583245407,0.002409143475284289
TSC_hom,fast,same_peak_lag_fraction,35,35,0.0014285714285714299,0.0032317452979881388
TSC_hom,fast,same_phase_selectivity,35,35,0.12978812744326498,0.002979417613094976
TSC_hom,fast,fore_homologs_mean_gain,35,35,0.05042860926457093,0.0014905823993964088
TSC_hom,fast,fore_homologs_peak_gain,35,35,0.11128429151382808,0.0029110439335420886
TSC_hom,fast,fore_homologs_peak_lag_fraction,35,35,0.0040000000000000036,0.0025004201327649207
TSC_hom,fast,fore_homologs_phase_selectivity,35,35,0.11624571157565491,0.005365874839485354
TSC_hom,fast,hind_homologs_mean_gain,35,35,0.04430780473342725,0.0016334577549614317
TSC_hom,fast,hind_homologs_peak_gain,35,35,0.09895820679677086,0.004689337429789192
TSC_hom,fast,hind_homologs_peak_lag_fraction,35,35,-0.02542857142857145,0.003765005990439224
TSC_hom,fast,hind_homologs_phase_selectivity,35,35,0.16083151315316302,0.005993936068984608
TSC_hom,fast,ipsilateral_mean_gain,35,35,0.04712872144614136,0.001232986288443273
TSC_hom,fast,ipsilateral_peak_gain,35,35,0.09458280957791146,0.0024064840048865555
TSC_hom,fast,ipsilateral_peak_lag_fraction,35,35,-0.0057142857142857195,0.0036503876687350406
TSC_hom,fast,ipsilateral_phase_selectivity,35,35,0.13809392875034776,0.0030787205217273437
TSC_hom,fast,diagonal_mean_gain,35,35,0.047945858546314064,0.0012222766712316005
TSC_hom,fast,diagonal_peak_gain,35,35,0.0953278084444745,0.0023050794223303385
TSC_hom,fast,diagonal_peak_lag_fraction,35,35,-0.004285714285714289,0.0038737581753331488
TSC_hom,fast,diagonal_phase_selectivity,35,35,0.13488086912951378,0.0026249681889951157
TSC_hom,fast,all_cross_mean_gain,35,35,0.047480928997151506,0.0012255626486291308
TSC_hom,fast,all_cross_peak_gain,35,35,0.09420880821182649,0.0024057612894975845
TSC_hom,fast,all_cross_peak_lag_fraction,35,35,-0.002571428571428574,0.003582001157581777
TSC_hom,fast,all_cross_phase_selectivity,35,35,0.1366147431014843,0.002668249621591348
TSC_hom,fast,self_to_cross_ratio,35,35,1.0317596220649292,0.008998700586115111
TSC_hom,slow,same_mean_gain,35,35,0.04817683671226201,0.0012842621237728169
TSC_hom,slow,same_peak_gain,35,35,0.09613727564969472,0.002618855248771789
TSC_hom,slow,same_peak_lag_fraction,35,35,-0.005428571428571436,0.004608046618411646
TSC_hom,slow,same_phase_selectivity,35,35,0.13132412620108594,0.002448175005393798
TSC_hom,slow,fore_homologs_mean_gain,35,35,0.04945968410026741,0.001395956931671757
TSC_hom,slow,fore_homologs_peak_gain,35,35,0.10595288524207297,0.0029027160445320157
TSC_hom,slow,fore_homologs_peak_lag_fraction,35,35,0.007714285714285715,0.003781549953130225
TSC_hom,slow,fore_homologs_phase_selectivity,35,35,0.12235428394945129,0.003876929542063184
TSC_hom,slow,hind_homologs_mean_gain,35,35,0.044325098770628325,0.0015966477349320092
TSC_hom,slow,hind_homologs_peak_gain,35,35,0.09573448560099763,0.00434004120579
TSC_hom,slow,hind_homologs_peak_lag_fraction,35,35,-0.018285714285714308,0.005257818736238942
TSC_hom,slow,hind_homologs_phase_selectivity,35,35,0.15179773765990534,0.005103496566642144
TSC_hom,slow,ipsilateral_mean_gain,35,35,0.047008899528149635,0.0012536062830004655
TSC_hom,slow,ipsilateral_peak_gain,35,35,0.09246913419540974,0.002649813503967361
TSC_hom,slow,ipsilateral_peak_lag_fraction,35,35,-0.015428571428571446,0.004891131696009331
TSC_hom,slow,ipsilateral_phase_selectivity,35,35,0.1364651566488348,0.002472508693417531
TSC_hom,slow,diagonal_mean_gain,35,35,0.047571284981670243,0.0012423100951285345
TSC_hom,slow,diagonal_peak_gain,35,35,0.09332335599757724,0.0027981249423349296
TSC_hom,slow,diagonal_peak_lag_fraction,35,35,-0.011714285714285727,0.004806957742387056
TSC_hom,slow,diagonal_phase_selectivity,35,35,0.13420801568492963,0.0023227053810366723
TSC_hom,slow,all_cross_mean_gain,35,35,0.04715752531508926,0.0012463151187156454
TSC_hom,slow,all_cross_peak_gain,35,35,0.09197203578866146,0.002668543293810035
TSC_hom,slow,all_cross_peak_lag_fraction,35,35,-0.012571428571428586,0.004873920602637711
TSC_hom,slow,all_cross_phase_selectivity,35,35,0.13510762949104793,0.002299788200815756
TSC_hom,slow,self_to_cross_ratio,35,35,1.021786103395638,0.005888949352482855
TSC_neg,fast,same_mean_gain,65,65,0.058363061873868465,0.0014363912531064774
TSC_neg,fast,same_peak_gain,65,65,0.11379044155272136,0.0023765442830295143
TSC_neg,fast,same_peak_lag_fraction,65,65,0.007692307692307699,0.00131136362471018
TSC_neg,fast,same_phase_selectivity,65,65,0.12414162203975102,0.0018266148492072296
TSC_neg,fast,fore_homologs_mean_gain,65,65,0.062181290522093084,0.0016939451550882676
TSC_neg,fast,fore_homologs_peak_gain,65,65,0.12758724173236416,0.002752073593499205
TSC_neg,fast,fore_homologs_peak_lag_fraction,65,65,0.005846153846153852,0.0014526551898477904
TSC_neg,fast,fore_homologs_phase_selectivity,65,65,0.11368696316380353,0.003360643399437907
TSC_neg,fast,hind_homologs_mean_gain,65,65,0.05292032364093311,0.001366648463699001
TSC_neg,fast,hind_homologs_peak_gain,65,65,0.10506430397117629,0.0027826254673385827
TSC_neg,fast,hind_homologs_peak_lag_fraction,65,65,-0.01123076923076924,0.0023153718374296036
TSC_neg,fast,hind_homologs_phase_selectivity,65,65,0.14948916302484172,0.0036791525759412155
TSC_neg,fast,ipsilateral_mean_gain,65,65,0.05729862487980605,0.0014094283928501245
TSC_neg,fast,ipsilateral_peak_gain,65,65,0.10706601581931677,0.0022145380475416666
TSC_neg,fast,ipsilateral_peak_lag_fraction,65,65,0.005230769230769235,0.0017140215350120928
TSC_neg,fast,ipsilateral_phase_selectivity,65,65,0.12946720164310224,0.0017586152310440613
TSC_neg,fast,diagonal_mean_gain,65,65,0.05736097955575724,0.001376820883345886
TSC_neg,fast,diagonal_peak_gain,65,65,0.10762590053400897,0.0021275951945730906
TSC_neg,fast,diagonal_peak_lag_fraction,65,65,0.006153846153846159,0.0014326600409376303
TSC_neg,fast,diagonal_phase_selectivity,65,65,0.13034499814864392,0.0017104853285242047
TSC_neg,fast,all_cross_mean_gain,65,65,0.057403470505692125,0.0014033787570547586
TSC_neg,fast,all_cross_peak_gain,65,65,0.10756515043051594,0.0021886555015852415
TSC_neg,fast,all_cross_peak_lag_fraction,65,65,0.007076923076923083,0.001364436290389752
TSC_neg,fast,all_cross_phase_selectivity,65,65,0.12936185507138698,0.001712031338651336
TSC_neg,fast,self_to_cross_ratio,65,65,1.016692569085996,0.002418303232490562
TSC_neg,slow,same_mean_gain,65,65,0.05645819973249556,0.0021518961405790037
TSC_neg,slow,same_peak_gain,65,65,0.10432710816293246,0.0024896340869391886
TSC_neg,slow,same_peak_lag_fraction,65,65,0.005230769230769231,0.0047439622168386755
TSC_neg,slow,same_phase_selectivity,65,65,0.12811507167835617,0.002383211108513401
TSC_neg,slow,fore_homologs_mean_gain,65,65,0.060222386392488225,0.002123994997743935
TSC_neg,slow,fore_homologs_peak_gain,65,65,0.11881474127733546,0.0026745602853711103
TSC_neg,slow,fore_homologs_peak_lag_fraction,65,65,0.0021538461538461473,0.006763491885498727
TSC_neg,slow,fore_homologs_phase_selectivity,65,65,0.1225854882167126,0.003889643721471665
TSC_neg,slow,hind_homologs_mean_gain,65,65,0.05153587316269681,0.0024328827863895858
TSC_neg,slow,hind_homologs_peak_gain,65,65,0.10050489094908954,0.0032438559005430216
TSC_neg,slow,hind_homologs_peak_lag_fraction,65,65,-0.022615384615384624,0.0076594490508987405
TSC_neg,slow,hind_homologs_phase_selectivity,65,65,0.1432090195587918,0.004147840343640727
TSC_neg,slow,ipsilateral_mean_gain,65,65,0.05571824906099464,0.0021414603412888557
TSC_neg,slow,ipsilateral_peak_gain,65,65,0.10167290144246582,0.0025071633440491175
TSC_neg,slow,ipsilateral_peak_lag_fraction,65,65,-0.002307692307692315,0.0051082946818104625
TSC_neg,slow,ipsilateral_phase_selectivity,65,65,0.13174565021242413,0.0027440625816570973
TSC_neg,slow,diagonal_mean_gain,65,65,0.05556264711748071,0.002145927789549661
TSC_neg,slow,diagonal_peak_gain,65,65,0.10143062374317804,0.002510739854749619
TSC_neg,slow,diagonal_peak_lag_fraction,65,65,-0.0007692307692307751,0.005044550050014433
TSC_neg,slow,diagonal_phase_selectivity,65,65,0.1317139981165445,0.002429944230317445
TSC_neg,slow,all_cross_mean_gain,65,65,0.05572000865202263,0.0021383637960332488
TSC_neg,slow,all_cross_peak_gain,65,65,0.10124433949049992,0.002517341932280315
TSC_neg,slow,all_cross_peak_lag_fraction,65,65,-0.000923076923076929,0.005079763191610438
TSC_neg,slow,all_cross_phase_selectivity,65,65,0.13146207044590905,0.002459329231147474
TSC_neg,slow,self_to_cross_ratio,65,65,1.0140510711589237,0.004211228776782495
TSC_neg,medium,same_mean_gain,65,65,0.053510627288325015,0.0015855412186127577
TSC_neg,medium,same_peak_gain,65,65,0.10509003017575536,0.0022787571484574995
TSC_neg,medium,same_peak_lag_fraction,65,65,0.006615384615384616,0.0026879084937932534
TSC_neg,medium,same_phase_selectivity,65,65,0.12608225114658914,0.0019681444432130264
TSC_neg,medium,fore_homologs_mean_gain,65,65,0.05663090519853716,0.0018525435153996174
TSC_neg,medium,fore_homologs_peak_gain,65,65,0.12074722055698836,0.0020987832858998727
TSC_neg,medium,fore_homologs_peak_lag_fraction,65,65,0.0046153846153846175,0.0022152978081283405
TSC_neg,medium,fore_homologs_phase_selectivity,65,65,0.11315570518754164,0.0036935962915074375
TSC_neg,medium,hind_homologs_mean_gain,65,65,0.04848298557968289,0.001573742422464134
TSC_neg,medium,hind_homologs_peak_gain,65,65,0.09836382340409208,0.002848794033214309
TSC_neg,medium,hind_homologs_peak_lag_fraction,65,65,-0.01661538461538463,0.002852772968440964
TSC_neg,medium,hind_homologs_phase_selectivity,65,65,0.14994140190083144,0.003953202335327496
TSC_neg,medium,ipsilateral_mean_gain,65,65,0.05235206045282214,0.0015894186544407293
TSC_neg,medium,ipsilateral_peak_gain,65,65,0.09793701111793267,0.002271938111349888
TSC_neg,medium,ipsilateral_peak_lag_fraction,65,65,0.0027692307692307665,0.0029783488932926443
TSC_neg,medium,ipsilateral_phase_selectivity,65,65,0.13265068513401895,0.002223441272163514
TSC_neg,medium,diagonal_mean_gain,65,65,0.052252035537992327,0.0015661375867261696
TSC_neg,medium,diagonal_peak_gain,65,65,0.0979903976361984,0.0021920974499413785
TSC_neg,medium,diagonal_peak_lag_fraction,65,65,0.0021538461538461507,0.002986285218843645
TSC_neg,medium,diagonal_phase_selectivity,65,65,0.13167422379429206,0.0019737556006272122
TSC_neg,medium,all_cross_mean_gain,65,65,0.05238701379330817,0.0015804841713849378
TSC_neg,medium,all_cross_peak_gain,65,65,0.09817350975969368,0.002184895240412526
TSC_neg,medium,all_cross_peak_lag_fraction,65,65,0.004307692307692307,0.002949651468730205
TSC_neg,medium,all_cross_phase_selectivity,65,65,0.13127271641353966,0.0019569461171676304
TSC_neg,medium,self_to_cross_ratio,65,65,1.02274146461495,0.003184148424458903
new_preds,fast,same_mean_gain,374,374,0.06186511625605938,0.0006697727375738893
new_preds,fast,same_peak_gain,374,374,0.12000912515908475,0.0010079734192354054
new_preds,fast,same_peak_lag_fraction,374,374,0.0067647058823529374,0.0006266741516177482
new_preds,fast,same_phase_selectivity,374,374,0.1231595329825811,0.000752346388420533
new_preds,fast,fore_homologs_mean_gain,374,374,0.0648369652401462,0.0008110995923949335
new_preds,fast,fore_homologs_peak_gain,374,374,0.12763943642338701,0.0011479180827852309
new_preds,fast,fore_homologs_peak_lag_fraction,374,374,0.003048128342245992,0.0008240288109714043
new_preds,fast,fore_homologs_phase_selectivity,374,374,0.12205621738843675,0.0014076712940112347
new_preds,fast,hind_homologs_mean_gain,374,374,0.05503523971193224,0.0007030658807943203
new_preds,fast,hind_homologs_peak_gain,374,374,0.1051652967843017,0.0012908452645393525
new_preds,fast,hind_homologs_peak_lag_fraction,374,374,-0.011951871657754019,0.0012089042723552237
new_preds,fast,hind_homologs_phase_selectivity,374,374,0.14703549832194898,0.00160125361210847
new_preds,fast,ipsilateral_mean_gain,374,374,0.05897471216445354,0.0006904485278823628
new_preds,fast,ipsilateral_peak_gain,374,374,0.10623987462927251,0.0010718340190119205
new_preds,fast,ipsilateral_peak_lag_fraction,374,374,-0.0030213903743315537,0.0010141782405821173
new_preds,fast,ipsilateral_phase_selectivity,374,374,0.13719970211514654,0.0009111678701690065
new_preds,fast,diagonal_mean_gain,374,374,0.05957941729772133,0.0006677511171779333
new_preds,fast,diagonal_peak_gain,374,374,0.10789213137635352,0.0010054426796906291
new_preds,fast,diagonal_peak_lag_fraction,374,374,0.0010427807486631025,0.0008899749559408891
new_preds,fast,diagonal_phase_selectivity,374,374,0.1339278543862728,0.0007247439954546331
new_preds,fast,all_cross_mean_gain,374,374,0.059496743979404694,0.0006749576903298285
new_preds,fast,all_cross_peak_gain,374,374,0.10695207194261584,0.0010191225385906416
new_preds,fast,all_cross_peak_lag_fraction,374,374,-0.001176470588235295,0.0009869412754843028
new_preds,fast,all_cross_phase_selectivity,374,374,0.13442635519549,0.0006945375195602938
new_preds,fast,self_to_cross_ratio,374,374,1.0439359500667023,0.0035194687168138695
new_preds,medium,same_mean_gain,374,374,0.056304039486877795,0.0005948962531263222
new_preds,medium,same_peak_gain,374,374,0.10947377496707025,0.0009000188818505195
new_preds,medium,same_peak_lag_fraction,374,374,0.0062299465240641646,0.000674062821474607
new_preds,medium,same_phase_selectivity,374,374,0.12442311319051222,0.0006795013483684771
new_preds,medium,fore_homologs_mean_gain,374,374,0.06064499419788092,0.0007396556064220449
new_preds,medium,fore_homologs_peak_gain,374,374,0.12663192572386267,0.0009695891607695935
new_preds,medium,fore_homologs_peak_lag_fraction,374,374,0.0042513368983957255,0.0007436193017223559
new_preds,medium,fore_homologs_phase_selectivity,374,374,0.1097290981417037,0.0015372918895358548
new_preds,medium,hind_homologs_mean_gain,374,374,0.050114551575542544,0.0005662916774274414
new_preds,medium,hind_homologs_peak_gain,374,374,0.10072378907490259,0.0010370039919301941
new_preds,medium,hind_homologs_peak_lag_fraction,374,374,-0.012620320855614988,0.0010011823863903726
new_preds,medium,hind_homologs_phase_selectivity,374,374,0.1533781042978666,0.0017184887452756964
new_preds,medium,ipsilateral_mean_gain,374,374,0.05501304380992022,0.0005795219639751693
new_preds,medium,ipsilateral_peak_gain,374,374,0.10128720766075998,0.0008653635956370828
new_preds,medium,ipsilateral_peak_lag_fraction,374,374,-0.00013368983957219262,0.0009270587730498943
new_preds,medium,ipsilateral_phase_selectivity,374,374,0.13255569152624275,0.0007144746128236762
new_preds,medium,diagonal_mean_gain,374,374,0.05485291561095224,0.0005742119578868815
new_preds,medium,diagonal_peak_gain,374,374,0.10124033402456348,0.0008583491564018681
new_preds,medium,diagonal_peak_lag_fraction,374,374,0.0013903743315508033,0.0008703622213315302
new_preds,medium,diagonal_phase_selectivity,374,374,0.1321784691198545,0.0006913762986699724
new_preds,medium,all_cross_mean_gain,374,374,0.05508191076919475,0.0005798877897298119
new_preds,medium,all_cross_peak_gain,374,374,0.10157261992825885,0.0008460809677746797
new_preds,medium,all_cross_peak_lag_fraction,374,374,0.0030748663101604306,0.0008524157134389862
new_preds,medium,all_cross_phase_selectivity,374,374,0.13109322646863408,0.0006328101498714061
new_preds,medium,self_to_cross_ratio,374,374,1.0221862238958728,0.00131046326666066
new_preds,slow,same_mean_gain,374,374,0.05483799699922069,0.0006412058793938329
new_preds,slow,same_peak_gain,374,374,0.10607804339267596,0.000923677769435172
new_preds,slow,same_peak_lag_fraction,374,374,0.000267379679144385,0.001037542965526634
new_preds,slow,same_phase_selectivity,374,374,0.12972255978176322,0.0007879999719430303
new_preds,slow,fore_homologs_mean_gain,374,374,0.05942018959535579,0.0007798760321989827
new_preds,slow,fore_homologs_peak_gain,374,374,0.12023490433539742,0.0010801558364703547
new_preds,slow,fore_homologs_peak_lag_fraction,374,374,0.0030748663101604306,0.0009487290255605813
new_preds,slow,fore_homologs_phase_selectivity,374,374,0.11739626462278614,0.0013198032402451034
new_preds,slow,hind_homologs_mean_gain,374,374,0.0479044774625302,0.0006051081097909179
new_preds,slow,hind_homologs_peak_gain,374,374,0.09856598463507399,0.001166455757074517
new_preds,slow,hind_homologs_peak_lag_fraction,374,374,-0.017887700534759375,0.0010883182730408636
new_preds,slow,hind_homologs_phase_selectivity,374,374,0.1549820862860306,0.0015016640999565335
new_preds,slow,ipsilateral_mean_gain,374,374,0.053468529999228395,0.0006327337492720725
new_preds,slow,ipsilateral_peak_gain,374,374,0.09884961752376283,0.0009328709169833624
new_preds,slow,ipsilateral_peak_lag_fraction,374,374,-0.005668449197860975,0.0011308015055669313
new_preds,slow,ipsilateral_phase_selectivity,374,374,0.13558416594898584,0.0007293310336401258
new_preds,slow,diagonal_mean_gain,374,374,0.053391517505661165,0.0006264839892205042
new_preds,slow,diagonal_peak_gain,374,374,0.09873127602820848,0.0009154649211017674
new_preds,slow,diagonal_peak_lag_fraction,374,374,-0.005935828877005359,0.0011701781908208572
new_preds,slow,diagonal_phase_selectivity,374,374,0.13516197732641444,0.0007321740028556509
new_preds,slow,all_cross_mean_gain,374,374,0.05350746034461088,0.0006288381707269946
new_preds,slow,all_cross_peak_gain,374,374,0.09882040670302894,0.0009074156677966821
new_preds,slow,all_cross_peak_lag_fraction,374,374,-0.004117647058823533,0.0011542539644792248
new_preds,slow,all_cross_phase_selectivity,374,374,0.13465498321072983,0.0006745482796272679
new_preds,slow,self_to_cross_ratio,374,374,1.0255140062902601,0.0015583703153409425
Cntnap_het,all,same_mean_gain,216,72,0.05867951278681273,0.000930227304071752
Cntnap_het,all,same_peak_gain,216,72,0.11493905320833216,0.0015088976794169684
Cntnap_het,all,same_peak_lag_fraction,216,72,0.006481481481481487,0.000910937635897711
Cntnap_het,all,same_phase_selectivity,216,72,0.12402633787256345,0.0008509333050668159
Cntnap_het,all,fore_homologs_mean_gain,216,72,0.0600799029449505,0.0010022944096350292
Cntnap_het,all,fore_homologs_peak_gain,216,72,0.12326964312918598,0.001175248839487605
Cntnap_het,all,fore_homologs_peak_lag_fraction,216,72,0.006990740740740746,0.000872600473743385
Cntnap_het,all,fore_homologs_phase_selectivity,216,72,0.114697678951075,0.0021557046570831765
Cntnap_het,all,hind_homologs_mean_gain,216,72,0.05433720769832004,0.0009268867304749544
Cntnap_het,all,hind_homologs_peak_gain,216,72,0.10630762316012556,0.00179909739946191
Cntnap_het,all,hind_homologs_peak_lag_fraction,216,72,-0.00935185185185186,0.0012880260064366768
Cntnap_het,all,hind_homologs_phase_selectivity,216,72,0.14468343272468484,0.002211575026549293
Cntnap_het,all,ipsilateral_mean_gain,216,72,0.05725894962248986,0.0009002934221791419
Cntnap_het,all,ipsilateral_peak_gain,216,72,0.10611113277739222,0.0013323126299621935
Cntnap_het,all,ipsilateral_peak_lag_fraction,216,72,0.0033333333333333357,0.0010893806177879725
Cntnap_het,all,ipsilateral_phase_selectivity,216,72,0.12953132549271573,0.000906694080926105
Cntnap_het,all,diagonal_mean_gain,216,72,0.056869562121172196,0.000913113276551645
Cntnap_het,all,diagonal_peak_gain,216,72,0.10501674494530562,0.0013708008844424803
Cntnap_het,all,diagonal_peak_lag_fraction,216,72,0.0017592592592592605,0.0011793819025149382
Cntnap_het,all,diagonal_phase_selectivity,216,72,0.13125895185728217,0.000811352055909156
Cntnap_het,all,all_cross_mean_gain,216,72,0.057112355688432426,0.00090374614955616
Cntnap_het,all,all_cross_peak_gain,216,72,0.10558439797335903,0.0013528343410666934
Cntnap_het,all,all_cross_peak_lag_fraction,216,72,0.004120370370370375,0.0011101189928158853
Cntnap_het,all,all_cross_phase_selectivity,216,72,0.12950496364340425,0.0008320052502713333
Cntnap_het,all,self_to_cross_ratio,216,72,1.027750768225051,0.0015013014755006185
Cntnap_hom,all,same_mean_gain,111,37,0.06352887508755374,0.001466796284911983
Cntnap_hom,all,same_peak_gain,111,37,0.11647666498997154,0.0018918909707518153
Cntnap_hom,all,same_peak_lag_fraction,111,37,0.006216216216216221,0.0013119033729010695
Cntnap_hom,all,same_phase_selectivity,111,37,0.12276192401750871,0.0015874414067184402
Cntnap_hom,all,fore_homologs_mean_gain,111,37,0.06670097732639184,0.0018418171191378686
Cntnap_hom,all,fore_homologs_peak_gain,111,37,0.12943394376984263,0.00222390782907085
Cntnap_hom,all,fore_homologs_peak_lag_fraction,111,37,0.00603603603603604,0.0010480437457426525
Cntnap_hom,all,fore_homologs_phase_selectivity,111,37,0.1119292753116751,0.0026837583462382885
Cntnap_hom,all,hind_homologs_mean_gain,111,37,0.058076798506352424,0.0013564921673507333
Cntnap_hom,all,hind_homologs_peak_gain,111,37,0.10831436965038495,0.0024864919854291683
Cntnap_hom,all,hind_homologs_peak_lag_fraction,111,37,-0.012972972972972984,0.0019917404683231763
Cntnap_hom,all,hind_homologs_phase_selectivity,111,37,0.14518092589776802,0.002287038762015636
Cntnap_hom,all,ipsilateral_mean_gain,111,37,0.06220439557427396,0.001468476373313648
Cntnap_hom,all,ipsilateral_peak_gain,111,37,0.10892822588934607,0.001892019990653267
Cntnap_hom,all,ipsilateral_peak_lag_fraction,111,37,0.0027927927927927964,0.0014354856940200758
Cntnap_hom,all,ipsilateral_phase_selectivity,111,37,0.1258844800764802,0.0012893988266615031
Cntnap_hom,all,diagonal_mean_gain,111,37,0.06204045667838694,0.0014683530497294828
Cntnap_hom,all,diagonal_peak_gain,111,37,0.10943667934670365,0.0018440526796644824
Cntnap_hom,all,diagonal_peak_lag_fraction,111,37,0.003153153153153156,0.0014610157423627812
Cntnap_hom,all,diagonal_phase_selectivity,111,37,0.12675872607906305,0.0012342958301999063
Cntnap_hom,all,all_cross_mean_gain,111,37,0.06221124672301101,0.0014689284570614627
Cntnap_hom,all,all_cross_peak_gain,111,37,0.10928097327636144,0.0018735820396250681
Cntnap_hom,all,all_cross_peak_lag_fraction,111,37,0.002972972972972975,0.0015860575783069077
Cntnap_hom,all,all_cross_phase_selectivity,111,37,0.12611060484179284,0.0012073110851484432
Cntnap_hom,all,self_to_cross_ratio,111,37,1.0234225355381326,0.004154935450794031
Cntnap_neg,all,same_mean_gain,169,57,0.0590924272616275,0.0013403589519136634
Cntnap_neg,all,same_peak_gain,169,57,0.11478781263988415,0.0017608699337378739
Cntnap_neg,all,same_peak_lag_fraction,169,57,0.007602339181286557,0.0008498955083647792
Cntnap_neg,all,same_phase_selectivity,169,57,0.12313522626787568,0.001064033953259925
Cntnap_neg,all,fore_homologs_mean_gain,169,57,0.06026912006083146,0.0015621365045081013
Cntnap_neg,all,fore_homologs_peak_gain,169,57,0.12165682120954174,0.0017182277990913583
Cntnap_neg,all,fore_homologs_peak_lag_fraction,169,57,0.006023391812865501,0.0017067824561513999
Cntnap_neg,all,fore_homologs_phase_selectivity,169,57,0.11581108685051295,0.002201381749403581
Cntnap_neg,all,hind_homologs_mean_gain,169,57,0.05526871845583309,0.0012856414969785505
Cntnap_neg,all,hind_homologs_peak_gain,169,57,0.10625456890565918,0.0019561058856050247
Cntnap_neg,all,hind_homologs_peak_lag_fraction,169,57,-0.010760233918128664,0.0013811838335615156
Cntnap_neg,all,hind_homologs_phase_selectivity,169,57,0.14621155599629407,0.0025460167610724246
Cntnap_neg,all,ipsilateral_mean_gain,169,57,0.05736732361471868,0.0013240398211513008
Cntnap_neg,all,ipsilateral_peak_gain,169,57,0.10503478868829104,0.0017421215125826073
Cntnap_neg,all,ipsilateral_peak_lag_fraction,169,57,0.0007602339181286555,0.0013033853267849528
Cntnap_neg,all,ipsilateral_phase_selectivity,169,57,0.1304862460882454,0.0012908370741819219
Cntnap_neg,all,diagonal_mean_gain,169,57,0.05684726877602137,0.0013214269916491483
Cntnap_neg,all,diagonal_peak_gain,169,57,0.10450755040924088,0.0017941688622741892
Cntnap_neg,all,diagonal_peak_lag_fraction,169,57,0.00046783625730994187,0.001389778987524054
Cntnap_neg,all,diagonal_phase_selectivity,169,57,0.13063272158798125,0.0012369738584283594
Cntnap_neg,all,all_cross_mean_gain,169,57,0.05732783721635743,0.0013212551930617124
Cntnap_neg,all,all_cross_peak_gain,169,57,0.1046852035850858,0.001757836466729893
Cntnap_neg,all,all_cross_peak_lag_fraction,169,57,0.001169590643274855,0.0013362833594948434
Cntnap_neg,all,all_cross_phase_selectivity,169,57,0.13011238163236524,0.001152204316948554
Cntnap_neg,all,self_to_cross_ratio,169,57,1.0313500101324402,0.0023062245142673374
TSC_het,all,same_mean_gain,185,62,0.05445124803418025,0.0008697076669567657
TSC_het,all,same_peak_gain,185,62,0.10684730609239414,0.0013704427574493165
TSC_het,all,same_peak_lag_fraction,185,62,0.00021505376344085764,0.001675669265625041
TSC_het,all,same_phase_selectivity,185,62,0.13081612366366993,0.0012220739182751753
TSC_het,all,fore_homologs_mean_gain,185,62,0.05732891516054711,0.0009855208315789254
TSC_het,all,fore_homologs_peak_gain,185,62,0.11936895804260285,0.0014387241097417165
TSC_het,all,fore_homologs_peak_lag_fraction,185,62,0.003118279569892473,0.0013384156788605257
TSC_het,all,fore_homologs_phase_selectivity,185,62,0.12037158395984747,0.0022540591001241833
TSC_het,all,hind_homologs_mean_gain,185,62,0.050065056562687234,0.0009099041289053357
TSC_het,all,hind_homologs_peak_gain,185,62,0.10343386886765558,0.0016920647596922816
TSC_het,all,hind_homologs_peak_lag_fraction,185,62,-0.015430107526881733,0.002514700735566228
TSC_het,all,hind_homologs_phase_selectivity,185,62,0.1526791317992627,0.00256094142676129
TSC_het,all,ipsilateral_mean_gain,185,62,0.0535069789005259,0.0008700973277991611
TSC_het,all,ipsilateral_peak_gain,185,62,0.10193002112070208,0.0014083501517016524
TSC_het,all,ipsilateral_peak_lag_fraction,185,62,-0.004354838709677426,0.0017673430447064122
TSC_het,all,ipsilateral_phase_selectivity,185,62,0.13615359946266462,0.0012045961462907125
TSC_het,all,diagonal_mean_gain,185,62,0.05339134473001049,0.0008672465790895238
TSC_het,all,diagonal_peak_gain,185,62,0.10144630037051276,0.0014709823626121378
TSC_het,all,diagonal_peak_lag_fraction,185,62,-0.0033870967741935543,0.0018752627729515107
TSC_het,all,diagonal_phase_selectivity,185,62,0.13568857261739659,0.0011481601899735114
TSC_het,all,all_cross_mean_gain,185,62,0.053531769830717855,0.0008671727510534018
TSC_het,all,all_cross_peak_gain,185,62,0.10168228457985337,0.0014132494402058946
TSC_het,all,all_cross_peak_lag_fraction,185,62,-0.0019354838709677467,0.0018180797213816302
TSC_het,all,all_cross_phase_selectivity,185,62,0.13525785314466204,0.0011267503832254806
TSC_het,all,self_to_cross_ratio,185,62,1.017550753834099,0.001800160365788347
TSC_hom,all,same_mean_gain,105,35,0.04879585200909745,0.00089997207029207
TSC_hom,all,same_peak_gain,105,35,0.09990395026991923,0.0016726374275019425
TSC_hom,all,same_peak_lag_fraction,105,35,9.523809523809414e-5,0.0020880957970416626
TSC_hom,all,same_phase_selectivity,105,35,0.1307388735861558,0.0016517590339277263
TSC_hom,all,fore_homologs_mean_gain,105,35,0.05047900607983355,0.0010372099529178554
TSC_hom,all,fore_homologs_peak_gain,105,35,0.11105159351677761,0.0018785552649120832
TSC_hom,all,fore_homologs_peak_lag_fraction,105,35,0.0034285714285714297,0.0018154113273071012
TSC_hom,all,fore_homologs_phase_selectivity,105,35,0.1199651383993227,0.002261808033618606
TSC_hom,all,hind_homologs_mean_gain,105,35,0.04467435367565489,0.001099742200154101
TSC_hom,all,hind_homologs_peak_gain,105,35,0.09811352753757799,0.002794429784018146
TSC_hom,all,hind_homologs_peak_lag_fraction,105,35,-0.022380952380952408,0.0027957932536760042
TSC_hom,all,hind_homologs_phase_selectivity,105,35,0.1560218300457632,0.003179419652116507
TSC_hom,all,ipsilateral_mean_gain,105,35,0.04749700485943428,0.0008827524053994833
TSC_hom,all,ipsilateral_peak_gain,105,35,0.09431227670579942,0.0015779311684830928
TSC_hom,all,ipsilateral_peak_lag_fraction,105,35,-0.008190476190476198,0.0025061748472415065
TSC_hom,all,ipsilateral_phase_selectivity,105,35,0.13692561395448022,0.0015243903770567832
TSC_hom,all,diagonal_mean_gain,105,35,0.04800294906759814,0.000887917574934576
TSC_hom,all,diagonal_peak_gain,105,35,0.09479089832137273,0.0016688692705961806
TSC_hom,all,diagonal_peak_lag_fraction,105,35,-0.00533333333333334,0.002490692290488939
TSC_hom,all,diagonal_phase_selectivity,105,35,0.13367089852107714,0.0013305513316124262
TSC_hom,all,all_cross_mean_gain,105,35,0.047692211268258886,0.0008933522493281333
TSC_hom,all,all_cross_peak_gain,105,35,0.09387352616995061,0.0016861858451155591
TSC_hom,all,all_cross_peak_lag_fraction,105,35,-0.005047619047619054,0.0023084767617017653
TSC_hom,all,all_cross_phase_selectivity,105,35,0.13558252161948992,0.0013437205226644851
TSC_hom,all,self_to_cross_ratio,105,35,1.0248308315597598,0.003780049225008895
TSC_neg,all,same_mean_gain,195,65,0.05611062963156302,0.0011771756554439957
TSC_neg,all,same_peak_gain,195,65,0.10773585996380305,0.0015555135279740164
TSC_neg,all,same_peak_lag_fraction,195,65,0.006512820512820515,0.0016785327097964683
TSC_neg,all,same_phase_selectivity,195,65,0.12611298162156542,0.0010937335460999762
TSC_neg,all,fore_homologs_mean_gain,195,65,0.05967819403770616,0.0012608420071787176
TSC_neg,all,fore_homologs_peak_gain,195,65,0.1223830678555626,0.0015527730006421707
TSC_neg,all,fore_homologs_peak_lag_fraction,195,65,0.004205128205128207,0.0022988255584233635
TSC_neg,all,fore_homologs_phase_selectivity,195,65,0.11647605218935259,0.0021679001712551966
TSC_neg,all,hind_homologs_mean_gain,195,65,0.05097972746110428,0.0012132598464491308
TSC_neg,all,hind_homologs_peak_gain,195,65,0.1013110061081193,0.001991810637281731
TSC_neg,all,hind_homologs_peak_lag_fraction,195,65,-0.016820512820512834,0.002637693940322481
TSC_neg,all,hind_homologs_phase_selectivity,195,65,0.14754652816148828,0.00251473834418233
TSC_neg,all,ipsilateral_mean_gain,195,65,0.055122978131207624,0.001160163765203541
TSC_neg,all,ipsilateral_peak_gain,195,65,0.1022253094599051,0.001515342372030403
TSC_neg,all,ipsilateral_peak_lag_fraction,195,65,0.0018974358974358958,0.0019198263125471686
TSC_neg,all,ipsilateral_phase_selectivity,195,65,0.13128784566318177,0.0012786224319407478
TSC_neg,all,diagonal_mean_gain,195,65,0.05505855407041009,0.0011497932337072706
TSC_neg,all,diagonal_peak_gain,195,65,0.10234897397112849,0.0014668990947313226
TSC_neg,all,diagonal_peak_lag_fraction,195,65,0.002512820512820511,0.0018862281604411734
TSC_neg,all,diagonal_phase_selectivity,195,65,0.13124440668649348,0.0010980047630080266
TSC_neg,all,all_cross_mean_gain,195,65,0.05517016431700762,0.0011611321292820528
TSC_neg,all,all_cross_peak_gain,195,65,0.10232766656023652,0.001502900365476498
TSC_neg,all,all_cross_peak_lag_fraction,195,65,0.003487179487179486,0.0018278337811083783
TSC_neg,all,all_cross_phase_selectivity,195,65,0.13069888064361188,0.001131473235927406
TSC_neg,all,self_to_cross_ratio,195,65,1.0178283682866234,0.0022271540389040873
new_preds,all,same_mean_gain,1122,374,0.05766905091405263,0.00043179856494463724
new_preds,all,same_peak_gain,1122,374,0.11185364783961028,0.0006112296565934953
new_preds,all,same_peak_lag_fraction,1122,374,0.004420677361853837,0.00045943927292759905
new_preds,all,same_phase_selectivity,1122,374,0.12576840198495218,0.00043813985187534163
new_preds,all,fore_homologs_mean_gain,1122,374,0.06163404967779432,0.0005404248149198063
new_preds,all,fore_homologs_peak_gain,1122,374,0.12483542216088238,0.0006762275235058829
new_preds,all,fore_homologs_peak_lag_fraction,1122,374,0.0034581105169340506,0.000499735571926727
new_preds,all,fore_homologs_phase_selectivity,1122,374,0.11639386005097554,0.000874103414852842
new_preds,all,hind_homologs_mean_gain,1122,374,0.05101808958333501,0.0003891013418771571
new_preds,all,hind_homologs_peak_gain,1122,374,0.10148502349809278,0.0006760385646094345
new_preds,all,hind_homologs_peak_lag_fraction,1122,374,-0.014153297682709462,0.0006565111438025679
new_preds,all,hind_homologs_phase_selectivity,1122,374,0.15179856296861544,0.0010073272722303124
new_preds,all,ipsilateral_mean_gain,1122,374,0.055818761991200734,0.00042087708910929026
new_preds,all,ipsilateral_peak_gain,1122,374,0.10212556660459846,0.0005943471454625444
new_preds,all,ipsilateral_peak_lag_fraction,1122,374,-0.0029411764705882366,0.0006122834014432047
new_preds,all,ipsilateral_phase_selectivity,1122,374,0.13511318653012497,0.00047410096311556167
new_preds,all,diagonal_mean_gain,1122,374,0.055941283471444905,0.00041379740636112285
new_preds,all,diagonal_peak_gain,1122,374,0.10262124714304179,0.0005908456709846977
new_preds,all,diagonal_peak_lag_fraction,1122,374,-0.0011675579322638155,0.0005727834821805986
new_preds,all,diagonal_phase_selectivity,1122,374,0.13375610027751392,0.00040668363006294975
new_preds,all,all_cross_mean_gain,1122,374,0.056028705031070075,0.00041908451237566047
new_preds,all,all_cross_peak_gain,1122,374,0.10244836619130118,0.0005842896392665235
new_preds,all,all_cross_peak_lag_fraction,1122,374,-0.0007397504456327993,0.0005948482212840879
new_preds,all,all_cross_phase_selectivity,1122,374,0.13339152162495133,0.00038681941642884334
new_preds,all,self_to_cross_ratio,1122,374,1.0305453934176116,0.0013005508395330986
